{
    "width": 225,
    "height": 225,
    "work_duration": 3600,
    "rest_duration": 366,
    "layout_config": {
        "timer_offset_x": 2.9798340011521467,
        "timer_offset_y": 143.77699055559108,
        "font_size": 29.895603877290164,
        "global_scale": 1.3423566542476555,
        "menu_scale": 1.6746955916654214
    },
    "always_on_top": true,
    "birthday": "9999",
    "check_updates_enabled": false,
    "exit_voice_enabled": false,
    "voice_interval_minutes": 10,
    "show_help_on_start": true
}